url,title,description,h1,lead,service,category,country_hint,problems,fixes,errors,faq1_q,faq1_a,faq2_q,faq2_a,extra_html,noindex
"/guide/unblock-threads-russia-2025/","Как зайти на Threads из России (2025)","Пошаговая инструкция: рабочий доступ к Threads из России через VPN. Быстрые настройки и фиксы ошибок.","Как зайти на Threads из России в 2025","Коротко и по делу: как открыть Threads из России — какие страны выбрать, как починить ошибки входа и оплату.","Threads","social","Нидерланды / Германия / Финляндия","Показывает региональную блокировку|Не открывается сайт/приложение|Оплата/регистрация недоступны","Включите VPN с обфускацией|Очистите кэш/куки и перезайдите|Смените сервер на рекомендованные страны","Access Denied|Region not supported","Какие страны лучше выбрать?","Нидерланды / Германия / Финляндия","Нужно ли чистить кэш и куки?","Да. После смены сервера удалите кэш/куки и заново зайдите в аккаунт.","","no"
"/guide/unblock-bluesky-russia-2025/","Как зайти на Bluesky из России (2025)","Пошаговая инструкция: рабочий доступ к Bluesky из России через VPN. Быстрые настройки и фиксы ошибок.","Как зайти на Bluesky из России в 2025","Коротко и по делу: как открыть Bluesky из России — какие страны выбрать, как починить ошибки входа и оплату.","Bluesky","social","Нидерланды / Германия / Финляндия","Показывает региональную блокировку|Не открывается сайт/приложение|Оплата/регистрация недоступны","Включите VPN с обфускацией|Очистите кэш/куки и перезайдите|Смените сервер на рекомендованные страны","Access Denied|Region not supported","Какие страны лучше выбрать?","Нидерланды / Германия / Финляндия","Нужно ли чистить кэш и куки?","Да. После смены сервера удалите кэш/куки и заново зайдите в аккаунт.","","no"
"/guide/unblock-snapchat-russia-2025/","Как зайти на Snapchat из России (2025)","Пошаговая инструкция: рабочий доступ к Snapchat из России через VPN. Быстрые настройки и фиксы ошибок.","Как зайти на Snapchat из России в 2025","Коротко и по делу: как открыть Snapchat из России — какие страны выбрать, как починить ошибки входа и оплату.","Snapchat","social","Нидерланды / Германия / Финляндия","Показывает региональную блокировку|Не открывается сайт/приложение|Оплата/регистрация недоступны","Включите VPN с обфускацией|Очистите кэш/куки и перезайдите|Смените сервер на рекомендованные страны","Access Denied|Region not supported","Какие страны лучше выбрать?","Нидерланды / Германия / Финляндия","Нужно ли чистить кэш и куки?","Да. После смены сервера удалите кэш/куки и заново зайдите в аккаунт.","","no"
"/guide/unblock-whatsapp-business-russia-2025/","Как зайти на WhatsApp Business из России (2025)","Пошаговая инструкция: рабочий доступ к WhatsApp Business из России через VPN. Быстрые настройки и фиксы ошибок.","Как зайти на WhatsApp Business из России в 2025","Коротко и по делу: как открыть WhatsApp Business из России — какие страны выбрать, как починить ошибки входа и оплату.","WhatsApp Business","social","Нидерланды / Германия / Финляндия","Показывает региональную блокировку|Не открывается сайт/приложение|Оплата/регистрация недоступны","Включите VPN с обфускацией|Очистите кэш/куки и перезайдите|Смените сервер на рекомендованные страны","Access Denied|Region not supported","Какие страны лучше выбрать?","Нидерланды / Германия / Финляндия","Нужно ли чистить кэш и куки?","Да. После смены сервера удалите кэш/куки и заново зайдите в аккаунт.","","no"
"/guide/unblock-wechat-russia-2025/","Как зайти на WeChat из России (2025)","Пошаговая инструкция: рабочий доступ к WeChat из России через VPN. Быстрые настройки и фиксы ошибок.","Как зайти на WeChat из России в 2025","Коротко и по делу: как открыть WeChat из России — какие страны выбрать, как починить ошибки входа и оплату.","WeChat","social","Нидерланды / Германия / Финляндия","Показывает региональную блокировку|Не открывается сайт/приложение|Оплата/регистрация недоступны","Включите VPN с обфускацией|Очистите кэш/куки и перезайдите|Смените сервер на рекомендованные страны","Access Denied|Region not supported","Какие страны лучше выбрать?","Нидерланды / Германия / Финляндия","Нужно ли чистить кэш и куки?","Да. После смены сервера удалите кэш/куки и заново зайдите в аккаунт.","","no"
"/guide/unblock-line-russia-2025/","Как зайти на LINE из России (2025)","Пошаговая инструкция: рабочий доступ к LINE из России через VPN. Быстрые настройки и фиксы ошибок.","Как зайти на LINE из России в 2025","Коротко и по делу: как открыть LINE из России — какие страны выбрать, как починить ошибки входа и оплату.","LINE","social","Нидерланды / Германия / Финляндия","Показывает региональную блокировку|Не открывается сайт/приложение|Оплата/регистрация недоступны","Включите VPN с обфускацией|Очистите кэш/куки и перезайдите|Смените сервер на рекомендованные страны","Access Denied|Region not supported","Какие страны лучше выбрать?","Нидерланды / Германия / Финляндия","Нужно ли чистить кэш и куки?","Да. После смены сервера удалите кэш/куки и заново зайдите в аккаунт.","","no"
"/guide/unblock-x-ads-russia-2025/","Как зайти в X Ads Manager из России (2025)","Пошаговая инструкция: рабочий доступ к X Ads Manager из России через VPN. Быстрые настройки и фиксы ошибок.","Как зайти в X Ads Manager из России в 2025","Коротко и по делу: как открыть X Ads Manager из России — какие страны выбрать, как починить ошибки входа и оплату.","X Ads Manager","work","Нидерланды / Германия","Показывает региональную блокировку|Не открывается сайт/приложение|Оплата/регистрация недоступны","Включите VPN с обфускацией|Очистите кэш/куки и перезайдите|Смените сервер на рекомендованные страны","Access Denied|Region not supported","Какие страны лучше выбрать?","Нидерланды / Германия","Нужно ли чистить кэш и куки?","Да. После смены сервера удалите кэш/куки и заново зайдите в аккаунт.","","no"
"/guide/unblock-britbox-uk-russia-2025/","Как зайти на BritBox UK из России (2025)","Пошаговая инструкция: рабочий доступ к BritBox UK из России через VPN. Быстрые настройки и фиксы ошибок.","Как зайти на BritBox UK из России в 2025","Коротко и по делу: как открыть BritBox UK из России — какие страны выбрать, как починить ошибки входа и оплату.","BritBox UK","video","Великобритания","Показывает региональную блокировку|Не открывается сайт/приложение|Оплата/регистрация недоступны","Включите VPN с обфускацией|Очистите кэш/куки и перезайдите|Смените сервер на рекомендованные страны","Access Denied|Region not supported","Какие страны лучше выбрать?","Великобритания","Нужно ли чистить кэш и куки?","Да. После смены сервера удалите кэш/куки и заново зайдите в аккаунт.","","no"
"/guide/unblock-playstation-store-russia-2025/","Как зайти в PlayStation Store из России (2025)","Пошаговая инструкция: рабочий доступ к PlayStation Store из России через VPN. Быстрые настройки и фиксы ошибок.","Как зайти в PlayStation Store из России в 2025","Коротко и по делу: как открыть PlayStation Store из России — какие страны выбрать, как починить ошибки входа и оплату.","PlayStation Store","games","Польша / Финляндия / Германия","Показывает региональную блокировку|Не открывается сайт/приложение|Оплата/регистрация недоступны","Включите VPN с обфускацией|Очистите кэш/куки и перезайдите|Смените сервер на рекомендованные страны","Access Denied|Region not supported","Какие страны лучше выбрать?","Польша / Финляндия / Германия","Нужно ли чистить кэш и куки?","Да. После смены сервера удалите кэш/куки и заново зайдите в аккаунт.","","no"
"/guide/unblock-xbox-store-russia-2025/","Как зайти в Xbox Store из России (2025)","Пошаговая инструкция: рабочий доступ к Xbox Store из России через VPN. Быстрые настройки и фиксы ошибок.","Как зайти в Xbox Store из России в 2025","Коротко и по делу: как открыть Xbox Store из России — какие страны выбрать, как починить ошибки входа и оплату.","Xbox Store","games","Польша / Финляндия / Германия","Показывает региональную блокировку|Не открывается сайт/приложение|Оплата/регистрация недоступны","Включите VPN с обфускацией|Очистите кэш/куки и перезайдите|Смените сервер на рекомендованные страны","Access Denied|Region not supported","Какие страны лучше выбрать?","Польша / Финляндия / Германия","Нужно ли чистить кэш и куки?","Да. После смены сервера удалите кэш/куки и заново зайдите в аккаунт.","","no"
"/guide/unblock-nintendo-eshop-russia-2025/","Как зайти в Nintendo eShop из России (2025)","Пошаговая инструкция: рабочий доступ к Nintendo eShop из России через VPN. Быстрые настройки и фиксы ошибок.","Как зайти в Nintendo eShop из России в 2025","Коротко и по делу: как открыть Nintendo eShop из России — какие страны выбрать, как починить ошибки входа и оплату.","Nintendo eShop","games","Польша / Финляндия / Германия","Показывает региональную блокировку|Не открывается сайт/приложение|Оплата/регистрация недоступны","Включите VPN с обфускацией|Очистите кэш/куки и перезайдите|Смените сервер на рекомендованные страны","Access Denied|Region not supported","Какие страны лучше выбрать?","Польша / Финляндия / Германия","Нужно ли чистить кэш и куки?","Да. После смены сервера удалите кэш/куки и заново зайдите в аккаунт.","","no"
"/guide/unblock-battlenet-russia-2025/","Как зайти в Battle.net из России (2025)","Пошаговая инструкция: рабочий доступ к Battle.net из России через VPN. Быстрые настройки и фиксы ошибок.","Как зайти в Battle.net из России в 2025","Коротко и по делу: как открыть Battle.net из России — какие страны выбрать, как починить ошибки входа и оплату.","Battle.net","games","Польша / Финляндия / Германия","Показывает региональную блокировку|Не открывается сайт/приложение|Оплата/регистрация недоступны","Включите VPN с обфускацией|Очистите кэш/куки и перезайдите|Смените сервер на рекомендованные страны","Access Denied|Region not supported","Какие страны лучше выбрать?","Польша / Финляндия / Германия","Нужно ли чистить кэш и куки?","Да. После смены сервера удалите кэш/куки и заново зайдите в аккаунт.","","no"
"/guide/unblock-ea-app-russia-2025/","Как зайти в EA App из России (2025)","Пошаговая инструкция: рабочий доступ к EA App из России через VPN. Быстрые настройки и фиксы ошибок.","Как зайти в EA App из России в 2025","Коротко и по делу: как открыть EA App из России — какие страны выбрать, как починить ошибки входа и оплату.","EA App","games","Польша / Финляндия / Германия","Показывает региональную блокировку|Не открывается сайт/приложение|Оплата/регистрация недоступны","Включите VPN с обфускацией|Очистите кэш/куки и перезайдите|Смените сервер на рекомендованные страны","Access Denied|Region not supported","Какие страны лучше выбрать?","Польша / Финляндия / Германия","Нужно ли чистить кэш и куки?","Да. После смены сервера удалите кэш/куки и заново зайдите в аккаунт.","","no"
"/guide/unblock-ubisoft-connect-russia-2025/","Как зайти в Ubisoft Connect из России (2025)","Пошаговая инструкция: рабочий доступ к Ubisoft Connect из России через VPN. Быстрые настройки и фиксы ошибок.","Как зайти в Ubisoft Connect из России в 2025","Коротко и по делу: как открыть Ubisoft Connect из России — какие страны выбрать, как починить ошибки входа и оплату.","Ubisoft Connect","games","Польша / Финляндия / Германия","Показывает региональную блокировку|Не открывается сайт/приложение|Оплата/регистрация недоступны","Включите VPN с обфускацией|Очистите кэш/куки и перезайдите|Смените сервер на рекомендованные страны","Access Denied|Region not supported","Какие страны лучше выбрать?","Польша / Финляндия / Германия","Нужно ли чистить кэш и куки?","Да. После смены сервера удалите кэш/куки и заново зайдите в аккаунт.","","no"
"/guide/unblock-gog-russia-2025/","Как зайти на GOG из России (2025)","Пошаговая инструкция: рабочий доступ к GOG из России через VPN. Быстрые настройки и фиксы ошибок.","Как зайти на GOG из России в 2025","Коротко и по делу: как открыть GOG из России — какие страны выбрать, как починить ошибки входа и оплату.","GOG","games","Польша / Финляндия / Германия","Показывает региональную блокировку|Не открывается сайт/приложение|Оплата/регистрация недоступны","Включите VPN с обфускацией|Очистите кэш/куки и перезайдите|Смените сервер на рекомендованные страны","Access Denied|Region not supported","Какие страны лучше выбрать?","Польша / Финляндия / Германия","Нужно ли чистить кэш и куки?","Да. После смены сервера удалите кэш/куки и заново зайдите в аккаунт.","","no"
"/guide/unblock-riot-games-russia-2025/","Как зайти в Riot Games из России (2025)","Пошаговая инструкция: рабочий доступ к Riot Games из России через VPN. Быстрые настройки и фиксы ошибок.","Как зайти в Riot Games из России в 2025","Коротко и по делу: как открыть Riot Games из России — какие страны выбрать, как починить ошибки входа и оплату.","Riot Games","games","Польша / Финляндия / Германия","Показывает региональную блокировку|Не открывается сайт/приложение|Оплата/регистрация недоступны","Включите VPN с обфускацией|Очистите кэш/куки и перезайдите|Смените сервер на рекомендованные страны","Access Denied|Region not supported","Какие страны лучше выбрать?","Польша / Финляндия / Германия","Нужно ли чистить кэш и куки?","Да. После смены сервера удалите кэш/куки и заново зайдите в аккаунт.","","no"
"/guide/unblock-rockstar-games-russia-2025/","Как зайти в Rockstar Games из России (2025)","Пошаговая инструкция: рабочий доступ к Rockstar Games из России через VPN. Быстрые настройки и фиксы ошибок.","Как зайти в Rockstar Games из России в 2025","Коротко и по делу: как открыть Rockstar Games из России — какие страны выбрать, как починить ошибки входа и оплату.","Rockstar Games","games","Польша / Финляндия / Германия","Показывает региональную блокировку|Не открывается сайт/приложение|Оплата/регистрация недоступны","Включите VPN с обфускацией|Очистите кэш/куки и перезайдите|Смените сервер на рекомендованные страны","Access Denied|Region not supported","Какие страны лучше выбрать?","Польша / Финляндия / Германия","Нужно ли чистить кэш и куки?","Да. После смены сервера удалите кэш/куки и заново зайдите в аккаунт.","","no"
"/guide/unblock-bethesda-russia-2025/","Как зайти на Bethesda.net из России (2025)","Пошаговая инструкция: рабочий доступ к Bethesda.net из России через VPN. Быстрые настройки и фиксы ошибок.","Как зайти на Bethesda.net из России в 2025","Коротко и по делу: как открыть Bethesda.net из России — какие страны выбрать, как починить ошибки входа и оплату.","Bethesda.net","games","Польша / Финляндия / Германия","Показывает региональную блокировку|Не открывается сайт/приложение|Оплата/регистрация недоступны","Включите VPN с обфускацией|Очистите кэш/куки и перезайдите|Смените сервер на рекомендованные страны","Access Denied|Region not supported","Какие страны лучше выбрать?","Польша / Финляндия / Германия","Нужно ли чистить кэш и куки?","Да. После смены сервера удалите кэш/куки и заново зайдите в аккаунт.","","no"
"/guide/unblock-stripe-russia-2025/","Как зайти на Stripe из России (2025)","Пошаговая инструкция: рабочий доступ к Stripe из России через VPN. Быстрые настройки и фиксы ошибок.","Как зайти на Stripe из России в 2025","Коротко и по делу: как открыть Stripe из России — какие страны выбрать, как починить ошибки входа и оплату.","Stripe","work","Нидерланды / Германия","Показывает региональную блокировку|Не открывается сайт/приложение|Оплата/регистрация недоступны","Включите VPN с обфускацией|Очистите кэш/куки и перезайдите|Смените сервер на рекомендованные страны","Access Denied|Region not supported","Какие страны лучше выбрать?","Нидерланды / Германия","Нужно ли чистить кэш и куки?","Да. После смены сервера удалите кэш/куки и заново зайдите в аккаунт.","","no"
"/guide/unblock-payoneer-russia-2025/","Как зайти на Payoneer из России (2025)","Пошаговая инструкция: рабочий доступ к Payoneer из России через VPN. Быстрые настройки и фиксы ошибок.","Как зайти на Payoneer из России в 2025","Коротко и по делу: как открыть Payoneer из России — какие страны выбрать, как починить ошибки входа и оплату.","Payoneer","other","Нидерланды / Германия / Франция","Показывает региональную блокировку|Не открывается сайт/приложение|Оплата/регистрация недоступны","Включите VPN с обфускацией|Очистите кэш/куки и перезайдите|Смените сервер на рекомендованные страны","Access Denied|Region not supported","Какие страны лучше выбрать?","Нидерланды / Германия / Франция","Нужно ли чистить кэш и куки?","Да. После смены сервера удалите кэш/куки и заново зайдите в аккаунт.","","no"
"/guide/unblock-skrill-russia-2025/","Как зайти на Skrill из России (2025)","Пошаговая инструкция: рабочий доступ к Skrill из России через VPN. Быстрые настройки и фиксы ошибок.","Как зайти на Skrill из России в 2025","Коротко и по делу: как открыть Skrill из России — какие страны выбрать, как починить ошибки входа и оплату.","Skrill","other","Нидерланды / Германия / Франция","Показывает региональную блокировку|Не открывается сайт/приложение|Оплата/регистрация недоступны","Включите VPN с обфускацией|Очистите кэш/куки и перезайдите|Смените сервер на рекомендованные страны","Access Denied|Region not supported","Какие страны лучше выбрать?","Нидерланды / Германия / Франция","Нужно ли чистить кэш и куки?","Да. После смены сервера удалите кэш/куки и заново зайдите в аккаунт.","","no"
"/guide/unblock-neteller-russia-2025/","Как зайти на Neteller из России (2025)","Пошаговая инструкция: рабочий доступ к Neteller из России через VPN. Быстрые настройки и фиксы ошибок.","Как зайти на Neteller из России в 2025","Коротко и по делу: как открыть Neteller из России — какие страны выбрать, как починить ошибки входа и оплату.","Neteller","other","Нидерланды / Германия / Франция","Показывает региональную блокировку|Не открывается сайт/приложение|Оплата/регистрация недоступны","Включите VPN с обфускацией|Очистите кэш/куки и перезайдите|Смените сервер на рекомендованные страны","Access Denied|Region not supported","Какие страны лучше выбрать?","Нидерланды / Германия / Франция","Нужно ли чистить кэш и куки?","Да. После смены сервера удалите кэш/куки и заново зайдите в аккаунт.","","no"
"/guide/unblock-google-ads-russia-2025/","Как зайти в Google Ads из России (2025)","Пошаговая инструкция: рабочий доступ к Google Ads из России через VPN. Быстрые настройки и фиксы ошибок.","Как зайти в Google Ads из России в 2025","Коротко и по делу: как открыть Google Ads из России — какие страны выбрать, как починить ошибки входа и оплату.","Google Ads","work","Нидерланды / Германия","Показывает региональную блокировку|Не открывается сайт/приложение|Оплата/регистрация недоступны","Включите VPN с обфускацией|Очистите кэш/куки и перезайдите|Смените сервер на рекомендованные страны","Access Denied|Region not supported","Какие страны лучше выбрать?","Нидерланды / Германия","Нужно ли чистить кэш и куки?","Да. После смены сервера удалите кэш/куки и заново зайдите в аккаунт.","","no"
"/guide/unblock-adsense-russia-2025/","Как зайти в AdSense из России (2025)","Пошаговая инструкция: рабочий доступ к AdSense из России через VPN. Быстрые настройки и фиксы ошибок.","Как зайти в AdSense из России в 2025","Коротко и по делу: как открыть AdSense из России — какие страны выбрать, как починить ошибки входа и оплату.","AdSense","work","Нидерланды / Германия","Показывает региональную блокировку|Не открывается сайт/приложение|Оплата/регистрация недоступны","Включите VPN с обфускацией|Очистите кэш/куки и перезайдите|Смените сервер на рекомендованные страны","Access Denied|Region not supported","Какие страны лучше выбрать?","Нидерланды / Германия","Нужно ли чистить кэш и куки?","Да. После смены сервера удалите кэш/куки и заново зайдите в аккаунт.","","no"
"/guide/unblock-facebook-ads-russia-2025/","Как зайти в Meta Ads Manager из России (2025)","Пошаговая инструкция: рабочий доступ к Meta Ads Manager из России через VPN. Быстрые настройки и фиксы ошибок.","Как зайти в Meta Ads Manager из России в 2025","Коротко и по делу: как открыть Meta Ads Manager из России — какие страны выбрать, как починить ошибки входа и оплату.","Meta Ads Manager","work","Нидерланды / Германия","Показывает региональную блокировку|Не открывается сайт/приложение|Оплата/регистрация недоступны","Включите VPN с обфускацией|Очистите кэш/куки и перезайдите|Смените сервер на рекомендованные страны","Access Denied|Region not supported","Какие страны лучше выбрать?","Нидерланды / Германия","Нужно ли чистить кэш и куки?","Да. После смены сервера удалите кэш/куки и заново зайдите в аккаунт.","","no"
"/guide/unblock-tiktok-ads-russia-2025/","Как зайти в TikTok Ads из России (2025)","Пошаговая инструкция: рабочий доступ к TikTok Ads из России через VPN. Быстрые настройки и фиксы ошибок.","Как зайти в TikTok Ads из России в 2025","Коротко и по делу: как открыть TikTok Ads из России — какие страны выбрать, как починить ошибки входа и оплату.","TikTok Ads","work","Нидерланды / Германия","Показывает региональную блокировку|Не открывается сайт/приложение|Оплата/регистрация недоступны","Включите VPN с обфускацией|Очистите кэш/куки и перезайдите|Смените сервер на рекомендованные страны","Access Denied|Region not supported","Какие страны лучше выбрать?","Нидерланды / Германия","Нужно ли чистить кэш и куки?","Да. После смены сервера удалите кэш/куки и заново зайдите в аккаунт.","","no"
"/guide/unblock-apple-pay-russia-2025/","Как зайти в Apple Pay из России (2025)","Пошаговая инструкция: рабочий доступ к Apple Pay из России через VPN. Быстрые настройки и фиксы ошибок.","Как зайти в Apple Pay из России в 2025","Коротко и по делу: как открыть Apple Pay из России — какие страны выбрать, как починить ошибки входа и оплату.","Apple Pay","other","Нидерланды / Германия / Франция","Показывает региональную блокировку|Не открывается сайт/приложение|Оплата/регистрация недоступны","Включите VPN с обфускацией|Очистите кэш/куки и перезайдите|Смените сервер на рекомендованные страны","Access Denied|Region not supported","Какие страны лучше выбрать?","Нидерланды / Германия / Франция","Нужно ли чистить кэш и куки?","Да. После смены сервера удалите кэш/куки и заново зайдите в аккаунт.","","no"
"/guide/unblock-google-pay-russia-2025/","Как зайти в Google Pay из России (2025)","Пошаговая инструкция: рабочий доступ к Google Pay из России через VPN. Быстрые настройки и фиксы ошибок.","Как зайти в Google Pay из России в 2025","Коротко и по делу: как открыть Google Pay из России — какие страны выбрать, как починить ошибки входа и оплату.","Google Pay","other","Нидерланды / Германия / Франция","Показывает региональную блокировку|Не открывается сайт/приложение|Оплата/регистрация недоступны","Включите VPN с обфускацией|Очистите кэш/куки и перезайдите|Смените сервер на рекомендованные страны","Access Denied|Region not supported","Какие страны лучше выбрать?","Нидерланды / Германия / Франция","Нужно ли чистить кэш и куки?","Да. После смены сервера удалите кэш/куки и заново зайдите в аккаунт.","","no"
"/guide/unblock-monzo-russia-2025/","Как зайти в Monzo из России (2025)","Пошаговая инструкция: рабочий доступ к Monzo из России через VPN. Быстрые настройки и фиксы ошибок.","Как зайти в Monzo из России в 2025","Коротко и по делу: как открыть Monzo из России — какие страны выбрать, как починить ошибки входа и оплату.","Monzo","other","Нидерланды / Германия / Франция","Показывает региональную блокировку|Не открывается сайт/приложение|Оплата/регистрация недоступны","Включите VPN с обфускацией|Очистите кэш/куки и перезайдите|Смените сервер на рекомендованные страны","Access Denied|Region not supported","Какие страны лучше выбрать?","Нидерланды / Германия / Франция","Нужно ли чистить кэш и куки?","Да. После смены сервера удалите кэш/куки и заново зайдите в аккаунт.","","no"
"/guide/unblock-n26-russia-2025/","Как зайти в N26 из России (2025)","Пошаговая инструкция: рабочий доступ к N26 из России через VPN. Быстрые настройки и фиксы ошибок.","Как зайти в N26 из России в 2025","Коротко и по делу: как открыть N26 из России — какие страны выбрать, как починить ошибки входа и оплату.","N26","other","Нидерланды / Германия / Франция","Показывает региональную блокировку|Не открывается сайт/приложение|Оплата/регистрация недоступны","Включите VPN с обфускацией|Очистите кэш/куки и перезайдите|Смените сервер на рекомендованные страны","Access Denied|Region not supported","Какие страны лучше выбрать?","Нидерланды / Германия / Франция","Нужно ли чистить кэш и куки?","Да. После смены сервера удалите кэш/куки и заново зайдите в аккаунт.","","no"
"/guide/unblock-square-russia-2025/","Как зайти в Square из России (2025)","Пошаговая инструкция: рабочий доступ к Square из России через VPN. Быстрые настройки и фиксы ошибок.","Как зайти в Square из России в 2025","Коротко и по делу: как открыть Square из России — какие страны выбрать, как починить ошибки входа и оплату.","Square","work","Нидерланды / Германия","Показывает региональную блокировку|Не открывается сайт/приложение|Оплата/регистрация недоступны","Включите VPN с обфускацией|Очистите кэш/куки и перезайдите|Смените сервер на рекомендованные страны","Access Denied|Region not supported","Какие страны лучше выбрать?","Нидерланды / Германия","Нужно ли чистить кэш и куки?","Да. После смены сервера удалите кэш/куки и заново зайдите в аккаунт.","","no"
"/guide/unblock-ryanair-russia-2025/","Как зайти на Ryanair из России (2025)","Пошаговая инструкция: рабочий доступ к Ryanair из России через VPN. Быстрые настройки и фиксы ошибок.","Как зайти на Ryanair из России в 2025","Коротко и по делу: как открыть Ryanair из России — какие страны выбрать, как починить ошибки входа и оплату.","Ryanair","other","Нидерланды / Германия / Франция","Показывает региональную блокировку|Не открывается сайт/приложение|Оплата/регистрация недоступны","Включите VPN с обфускацией|Очистите кэш/куки и перезайдите|Смените сервер на рекомендованные страны","Access Denied|Region not supported","Какие страны лучше выбрать?","Нидерланды / Германия / Франция","Нужно ли чистить кэш и куки?","Да. После смены сервера удалите кэш/куки и заново зайдите в аккаунт.","","no"
"/guide/unblock-easyjet-russia-2025/","Как зайти на easyJet из России (2025)","Пошаговая инструкция: рабочий доступ к easyJet из России через VPN. Быстрые настройки и фиксы ошибок.","Как зайти на easyJet из России в 2025","Коротко и по делу: как открыть easyJet из России — какие страны выбрать, как починить ошибки входа и оплату.","easyJet","other","Нидерланды / Германия / Франция","Показывает региональную блокировку|Не открывается сайт/приложение|Оплата/регистрация недоступны","Включите VPN с обфускацией|Очистите кэш/куки и перезайдите|Смените сервер на рекомендованные страны","Access Denied|Region not supported","Какие страны лучше выбрать?","Нидерланды / Германия / Франция","Нужно ли чистить кэш и куки?","Да. После смены сервера удалите кэш/куки и заново зайдите в аккаунт.","","no"
"/guide/unblock-wizz-air-russia-2025/","Как зайти на Wizz Air из России (2025)","Пошаговая инструкция: рабочий доступ к Wizz Air из России через VPN. Быстрые настройки и фиксы ошибок.","Как зайти на Wizz Air из России в 2025","Коротко и по делу: как открыть Wizz Air из России — какие страны выбрать, как починить ошибки входа и оплату.","Wizz Air","other","Нидерланды / Германия / Франция","Показывает региональную блокировку|Не открывается сайт/приложение|Оплата/регистрация недоступны","Включите VPN с обфускацией|Очистите кэш/куки и перезайдите|Смените сервер на рекомендованные страны","Access Denied|Region not supported","Какие страны лучше выбрать?","Нидерланды / Германия / Франция","Нужно ли чистить кэш и куки?","Да. После смены сервера удалите кэш/куки и заново зайдите в аккаунт.","","no"
"/guide/unblock-lufthansa-russia-2025/","Как зайти на Lufthansa из России (2025)","Пошаговая инструкция: рабочий доступ к Lufthansa из России через VPN. Быстрые настройки и фиксы ошибок.","Как зайти на Lufthansa из России в 2025","Коротко и по делу: как открыть Lufthansa из России — какие страны выбрать, как починить ошибки входа и оплату.","Lufthansa","other","Нидерланды / Германия / Франция","Показывает региональную блокировку|Не открывается сайт/приложение|Оплата/регистрация недоступны","Включите VPN с обфускацией|Очистите кэш/куки и перезайдите|Смените сервер на рекомендованные страны","Access Denied|Region not supported","Какие страны лучше выбрать?","Нидерланды / Германия / Франция","Нужно ли чистить кэш и куки?","Да. После смены сервера удалите кэш/куки и заново зайдите в аккаунт.","","no"
"/guide/unblock-british-airways-russia-2025/","Как зайти на British Airways из России (2025)","Пошаговая инструкция: рабочий доступ к British Airways из России через VPN. Быстрые настройки и фиксы ошибок.","Как зайти на British Airways из России в 2025","Коротко и по делу: как открыть British Airways из России — какие страны выбрать, как починить ошибки входа и оплату.","British Airways","other","Нидерланды / Германия / Франция","Показывает региональную блокировку|Не открывается сайт/приложение|Оплата/регистрация недоступны","Включите VPN с обфускацией|Очистите кэш/куки и перезайдите|Смените сервер на рекомендованные страны","Access Denied|Region not supported","Какие страны лучше выбрать?","Нидерланды / Германия / Франция","Нужно ли чистить кэш и куки?","Да. После смены сервера удалите кэш/куки и заново зайдите в аккаунт.","","no"
"/guide/unblock-air-france-russia-2025/","Как зайти на Air France из России (2025)","Пошаговая инструкция: рабочий доступ к Air France из России через VPN. Быстрые настройки и фиксы ошибок.","Как зайти на Air France из России в 2025","Коротко и по делу: как открыть Air France из России — какие страны выбрать, как починить ошибки входа и оплату.","Air France","other","Нидерланды / Германия / Франция","Показывает региональную блокировку|Не открывается сайт/приложение|Оплата/регистрация недоступны","Включите VPN с обфускацией|Очистите кэш/куки и перезайдите|Смените сервер на рекомендованные страны","Access Denied|Region not supported","Какие страны лучше выбрать?","Нидерланды / Германия / Франция","Нужно ли чистить кэш и куки?","Да. После смены сервера удалите кэш/куки и заново зайдите в аккаунт.","","no"
"/guide/unblock-klook-russia-2025/","Как зайти на Klook из России (2025)","Пошаговая инструкция: рабочий доступ к Klook из России через VPN. Быстрые настройки и фиксы ошибок.","Как зайти на Klook из России в 2025","Коротко и по делу: как открыть Klook из России — какие страны выбрать, как починить ошибки входа и оплату.","Klook","other","Нидерланды / Германия / Франция","Показывает региональную блокировку|Не открывается сайт/приложение|Оплата/регистрация недоступны","Включите VPN с обфускацией|Очистите кэш/куки и перезайдите|Смените сервер на рекомендованные страны","Access Denied|Region not supported","Какие страны лучше выбрать?","Нидерланды / Германия / Франция","Нужно ли чистить кэш и куки?","Да. После смены сервера удалите кэш/куки и заново зайдите в аккаунт.","","no"
"/guide/unblock-omio-russia-2025/","Как зайти на Omio из России (2025)","Пошаговая инструкция: рабочий доступ к Omio из России через VPN. Быстрые настройки и фиксы ошибок.","Как зайти на Omio из России в 2025","Коротко и по делу: как открыть Omio из России — какие страны выбрать, как починить ошибки входа и оплату.","Omio","other","Нидерланды / Германия / Франция","Показывает региональную блокировку|Не открывается сайт/приложение|Оплата/регистрация недоступны","Включите VPN с обфускацией|Очистите кэш/куки и перезайдите|Смените сервер на рекомендованные страны","Access Denied|Region not supported","Какие страны лучше выбрать?","Нидерланды / Германия / Франция","Нужно ли чистить кэш и куки?","Да. После смены сервера удалите кэш/куки и заново зайдите в аккаунт.","","no"
"/guide/unblock-flixbus-russia-2025/","Как зайти на FlixBus из России (2025)","Пошаговая инструкция: рабочий доступ к FlixBus из России через VPN. Быстрые настройки и фиксы ошибок.","Как зайти на FlixBus из России в 2025","Коротко и по делу: как открыть FlixBus из России — какие страны выбрать, как починить ошибки входа и оплату.","FlixBus","other","Нидерланды / Германия / Франция","Показывает региональную блокировку|Не открывается сайт/приложение|Оплата/регистрация недоступны","Включите VPN с обфускацией|Очистите кэш/куки и перезайдите|Смените сервер на рекомендованные страны","Access Denied|Region not supported","Какие страны лучше выбрать?","Нидерланды / Германия / Франция","Нужно ли чистить кэш и куки?","Да. После смены сервера удалите кэш/куки и заново зайдите в аккаунт.","","no"
"/guide/unblock-blablacar-russia-2025/","Как зайти на BlaBlaCar из России (2025)","Пошаговая инструкция: рабочий доступ к BlaBlaCar из России через VPN. Быстрые настройки и фиксы ошибок.","Как зайти на BlaBlaCar из России в 2025","Коротко и по делу: как открыть BlaBlaCar из России — какие страны выбрать, как починить ошибки входа и оплату.","BlaBlaCar","other","Нидерланды / Германия / Франция","Показывает региональную блокировку|Не открывается сайт/приложение|Оплата/регистрация недоступны","Включите VPN с обфускацией|Очистите кэш/куки и перезайдите|Смените сервер на рекомендованные страны","Access Denied|Region not supported","Какие страны лучше выбрать?","Нидерланды / Германия / Франция","Нужно ли чистить кэш и куки?","Да. После смены сервера удалите кэш/куки и заново зайдите в аккаунт.","","no"
"/guide/unblock-trip-com-russia-2025/","Как зайти на Trip.com из России (2025)","Пошаговая инструкция: рабочий доступ к Trip.com из России через VPN. Быстрые настройки и фиксы ошибок.","Как зайти на Trip.com из России в 2025","Коротко и по делу: как открыть Trip.com из России — какие страны выбрать, как починить ошибки входа и оплату.","Trip.com","other","Нидерланды / Германия / Франция","Показывает региональную блокировку|Не открывается сайт/приложение|Оплата/регистрация недоступны","Включите VPN с обфускацией|Очистите кэш/куки и перезайдите|Смените сервер на рекомендованные страны","Access Denied|Region not supported","Какие страны лучше выбрать?","Нидерланды / Германия / Франция","Нужно ли чистить кэш и куки?","Да. После смены сервера удалите кэш/куки и заново зайдите в аккаунт.","","no"
"/guide/unblock-agoda-russia-2025/","Как зайти на Agoda из России (2025)","Пошаговая инструкция: рабочий доступ к Agoda из России через VPN. Быстрые настройки и фиксы ошибок.","Как зайти на Agoda из России в 2025","Коротко и по делу: как открыть Agoda из России — какие страны выбрать, как починить ошибки входа и оплату.","Agoda","other","Нидерланды / Германия / Франция","Показывает региональную блокировку|Не открывается сайт/приложение|Оплата/регистрация недоступны","Включите VPN с обфускацией|Очистите кэш/куки и перезайдите|Смените сервер на рекомендованные страны","Access Denied|Region not supported","Какие страны лучше выбрать?","Нидерланды / Германия / Франция","Нужно ли чистить кэш и куки?","Да. После смены сервера удалите кэш/куки и заново зайдите в аккаунт.","","no"
"/guide/unblock-shein-russia-2025/","Как зайти на SHEIN из России (2025)","Пошаговая инструкция: рабочий доступ к SHEIN из России через VPN. Быстрые настройки и фиксы ошибок.","Как зайти на SHEIN из России в 2025","Коротко и по делу: как открыть SHEIN из России — какие страны выбрать, как починить ошибки входа и оплату.","SHEIN","other","Нидерланды / Германия / Франция","Показывает региональную блокировку|Не открывается сайт/приложение|Оплата/регистрация недоступны","Включите VPN с обфускацией|Очистите кэш/куки и перезайдите|Смените сервер на рекомендованные страны","Access Denied|Region not supported","Какие страны лучше выбрать?","Нидерланды / Германия / Франция","Нужно ли чистить кэш и куки?","Да. После смены сервера удалите кэш/куки и заново зайдите в аккаунт.","","no"
"/guide/unblock-temu-russia-2025/","Как зайти на Temu из России (2025)","Пошаговая инструкция: рабочий доступ к Temu из России через VPN. Быстрые настройки и фиксы ошибок.","Как зайти на Temu из России в 2025","Коротко и по делу: как открыть Temu из России — какие страны выбрать, как починить ошибки входа и оплату.","Temu","other","Нидерланды / Германия / Франция","Показывает региональную блокировку|Не открывается сайт/приложение|Оплата/регистрация недоступны","Включите VPN с обфускацией|Очистите кэш/куки и перезайдите|Смените сервер на рекомендованные страны","Access Denied|Region not supported","Какие страны лучше выбрать?","Нидерланды / Германия / Франция","Нужно ли чистить кэш и куки?","Да. После смены сервера удалите кэш/куки и заново зайдите в аккаунт.","","no"
"/guide/unblock-asos-russia-2025/","Как зайти на ASOS из России (2025)","Пошаговая инструкция: рабочий доступ к ASOS из России через VPN. Быстрые настройки и фиксы ошибок.","Как зайти на ASOS из России в 2025","Коротко и по делу: как открыть ASOS из России — какие страны выбрать, как починить ошибки входа и оплату.","ASOS","other","Нидерланды / Германия / Франция","Показывает региональную блокировку|Не открывается сайт/приложение|Оплата/регистрация недоступны","Включите VPN с обфускацией|Очистите кэш/куки и перезайдите|Смените сервер на рекомендованные страны","Access Denied|Region not supported","Какие страны лучше выбрать?","Нидерланды / Германия / Франция","Нужно ли чистить кэш и куки?","Да. После смены сервера удалите кэш/куки и заново зайдите в аккаунт.","","no"
"/guide/unblock-zalando-russia-2025/","Как зайти на Zalando из России (2025)","Пошаговая инструкция: рабочий доступ к Zalando из России через VPN. Быстрые настройки и фиксы ошибок.","Как зайти на Zalando из России в 2025","Коротко и по делу: как открыть Zalando из России — какие страны выбрать, как починить ошибки входа и оплату.","Zalando","other","Нидерланды / Германия / Франция","Показывает региональную блокировку|Не открывается сайт/приложение|Оплата/регистрация недоступны","Включите VPN с обфускацией|Очистите кэш/куки и перезайдите|Смените сервер на рекомендованные страны","Access Denied|Region not supported","Какие страны лучше выбрать?","Нидерланды / Германия / Франция","Нужно ли чистить кэш и куки?","Да. После смены сервера удалите кэш/куки и заново зайдите в аккаунт.","","no"
"/guide/unblock-walmart-russia-2025/","Как зайти на Walmart из России (2025)","Пошаговая инструкция: рабочий доступ к Walmart из России через VPN. Быстрые настройки и фиксы ошибок.","Как зайти на Walmart из России в 2025","Коротко и по делу: как открыть Walmart из России — какие страны выбрать, как починить ошибки входа и оплату.","Walmart","other","Нидерланды / Германия / Франция","Показывает региональную блокировку|Не открывается сайт/приложение|Оплата/регистрация недоступны","Включите VPN с обфускацией|Очистите кэш/куки и перезайдите|Смените сервер на рекомендованные страны","Access Denied|Region not supported","Какие страны лучше выбрать?","Нидерланды / Германия / Франция","Нужно ли чистить кэш и куки?","Да. После смены сервера удалите кэш/куки и заново зайдите в аккаунт.","","no"
"/guide/unblock-ikea-russia-2025/","Как зайти на IKEA из России (2025)","Пошаговая инструкция: рабочий доступ к IKEA из России через VPN. Быстрые настройки и фиксы ошибок.","Как зайти на IKEA из России в 2025","Коротко и по делу: как открыть IKEA из России — какие страны выбрать, как починить ошибки входа и оплату.","IKEA","other","Нидерланды / Германия / Франция","Показывает региональную блокировку|Не открывается сайт/приложение|Оплата/регистрация недоступны","Включите VPN с обфускацией|Очистите кэш/куки и перезайдите|Смените сервер на рекомендованные страны","Access Denied|Region not supported","Какие страны лучше выбрать?","Нидерланды / Германия / Франция","Нужно ли чистить кэш и куки?","Да. После смены сервера удалите кэш/куки и заново зайдите в аккаунт.","","no"
"/guide/unblock-bestbuy-russia-2025/","Как зайти на Best Buy из России (2025)","Пошаговая инструкция: рабочий доступ к Best Buy из России через VPN. Быстрые настройки и фиксы ошибок.","Как зайти на Best Buy из России в 2025","Коротко и по делу: как открыть Best Buy из России — какие страны выбрать, как починить ошибки входа и оплату.","Best Buy","other","Нидерланды / Германия / Франция","Показывает региональную блокировку|Не открывается сайт/приложение|Оплата/регистрация недоступны","Включите VPN с обфускацией|Очистите кэш/куки и перезайдите|Смените сервер на рекомендованные страны","Access Denied|Region not supported","Какие страны лучше выбрать?","Нидерланды / Германия / Франция","Нужно ли чистить кэш и куки?","Да. После смены сервера удалите кэш/куки и заново зайдите в аккаунт.","","no"
